name,email,year,month,day
Test,test@email.com,1961,12,21
a,dlrkd1122@gmail.com,2000,11,22
b,dlrkd1122@gmail.com,2000,05,15
c,dlrkd1122@gmail.com,2000,05,16
d,dlrkd1122@gmail.com,2000,05,17
e,dlrkd1122@gmail.com,2000,11,22
f,dlrkd1122@gmail.com,2000,11,22
g,dlrkd1122@gmail.com,2000,11,22
h,dlrkd1122@gmail.com,2000,11,22
i,dlrkd1122@gmail.com,2000,11,22
j,dlrkd1122@gmail.com,2000,11,22
a,dlrkd1122@gmail.com,2000,11,22
d,dlrkd1122@gmail.com,2000,05,18
d,dlrkd1122@gmail.com,2000,05,19
d,dlrkd1122@gmail.com,2000,05,20
d,dlrkd1122@gmail.com,2000,05,21